<?xml version="1.0" encoding="UTF-8"?>
<tooded>
    <toode>
        <nimi>Diivan</nimi>
        <hind>520</hind>
        <varv>sinine</varv>
        <lisad>
            <nimi>Padjad</nimi>
            <suurus>20x40</suurus>
        </lisad>
    </toode>
    <toode>
        <nimi>Voodi</nimi>
        <hind>750</hind>
        <varv>punane</varv>
        <lisad>
            <nimi>Padjad</nimi>
            <suurus>20x40</suurus>
        </lisad>
    </toode>
    <toode>
        <nimi>Tool</nimi>
        <hind>300</hind>
        <varv>roosa</varv>
        <lisad>
            <nimi>Jalad</nimi>
            <suurus>x5</suurus>
        </lisad>
    </toode>
    <toode>
        <nimi>Riiul</nimi>
        <hind>555</hind>
        <varv>valge</varv>
        <lisad>
            <nimi>Osad</nimi>
            <suurus>x5</suurus>
        </lisad>
    </toode>
    <toode>
        <nimi>Kapp</nimi>
        <hind>666</hind>
        <varv>must</varv>
        <lisad>
            <nimi>Osad</nimi>
            <suurus>x6</suurus>
        </lisad>
    </toode>
</tooded>