<?xml version="1.0" encoding="UTF-8"?>
<tooded>
  <toode>
    <nimi>Diivan</nimi>
    <hind>520</hind>
    <varv>sinine</varv>
    <lisad>
      <nimi>Padjad</nimi>
      <suurus>20x40</suurus>
    </lisad>
  </toode>
  <toode>
    <nimi>Voodi</nimi>
    <hind>750</hind>
    <varv>punane</varv>
    <lisad>
      <nimi>Padjad</nimi>
      <suurus>20x40</suurus>
    </lisad>
  </toode>
  <toode>
    <nimi>Tool</nimi>
    <hind>300</hind>
    <varv>roosa</varv>
    <lisad>
      <nimi>Jalad</nimi>
      <suurus>x5</suurus>
    </lisad>
  </toode>
  <toode>
    <nimi>Riiul</nimi>
    <hind>555</hind>
    <varv>valge</varv>
    <lisad>
      <nimi>Osad</nimi>
      <suurus>x5</suurus>
    </lisad>
  </toode>
  <toode>
    <nimi>Kapp</nimi>
    <hind>666</hind>
    <varv>must</varv>
    <lisad>
      <nimi>Osad</nimi>
      <suurus>x6</suurus>
    </lisad>
  </toode>
  <toode>
    <nimi>test</nimi>
    <hind>test</hind>
    <varv>test</varv>
    <lisad>
      <nimi>test</nimi>
      <suurus>test</suurus>
    </lisad>
  </toode>
  <toode>
    <nimi>test2</nimi>
    <hind>test2</hind>
    <varv>test2</varv>
    <lisad>
      <nimi>test2</nimi>
      <suurus>test2</suurus>
    </lisad>
  </toode>
  <toode>
    <lisad>
      <nimi>Test12</nimi>
      <suurus>Test12</suurus>
    </lisad>
    <nimi>Test12</nimi>
    <hind>Test12</hind>
    <varv>Test12</varv>
  </toode>
  <toode>
    <nimi>test4</nimi>
    <hind>45</hind>
    <varv>sinine</varv>
    <lisad>
      <nimi>test-test</nimi>
      <suurus>x55</suurus>
    </lisad>
  </toode>
  <toode>
    <lisad>
      <nimi>test-test</nimi>
      <suurus>x3</suurus>
    </lisad>
    <nimi>Test11</nimi>
    <hind>999</hind>
    <varv>punane</varv>
  </toode>
  <toode>
    <nimi>test6</nimi>
    <hind>666</hind>
    <varv>roosa</varv>
    <lisad>
      <nimi>lisade nimi</nimi>
      <suurus>x6</suurus>
    </lisad>
  </toode>
  <toode>
    <nimi>t</nimi>
    <hind>7</hind>
    <varv>7</varv>
    <lisad>
      <nimi>7</nimi>
      <suurus>7</suurus>
    </lisad>
  </toode>
  <toode>
    <nimi>t3</nimi>
    <hind>t3</hind>
    <varv>t3</varv>
    <lisad>
      <nimi>t3</nimi>
      <suurus>t3</suurus>
    </lisad>
  </toode>
</tooded>
